username,cleaned_content,timestamp,likes,retweets,detected_language
NiftyNerve,Some wait for perfect timing. 380+ traders didn’t — they took the first step. Nifty insights Discipline Free till Diwali You in? http:// t.me/NiftyNerve #Nifty #Sensex #Nifty50 #StockMarket #NiftyAnalysis #PriceAction #BankNifty #MarketUpdates #NiftyCharts #NiftyPrediction,2025-10-04 19:38:00+00:00,0,0,en
K2Quants,"Quantified Futures Strategy for #Nifty50 Total ROI: +306% Net Profit (After Charges): ₹9,00,000+ Win Rate: 61% Backtest Period: 2020–2025 Fully backtested with Excel (Index & Futures trade data). DM me to grab this strategy before others do! #Trading",2025-10-04 18:54:29+00:00,0,0,en
NiftyNerve,Your roadmap to consistent intraday profits starts here. Profitability begins with knowledge and timing. Join now: http:// t.me/NiftyNerve #Nifty #Sensex #Nifty50 #StockMarket #NiftyAnalysis #PriceAction #BankNifty #MarketUpdates #NiftyCharts #NiftyPrediction #NiftyTrading,2025-10-04 18:36:00+00:00,0,0,en
ArjitSachan,Dear option traders.I tally share market from 2021 and specially on nifty 50.After 4 years I developed a strategy in nifty50. my strategy work 100% so that I need investor who is also interested to work on my strategy.#optiontrader #sharemarketindia #Nifty50 #sharemarket,2025-10-04 18:14:08+00:00,0,0,en
07hosa,"#Dhanlaxmi Bank Ltd reported a 17.5% year-on-year increase in its total business to ₹30,147 crore for Q2 FY26. #StockMarket #Nifty50 #Sensex",2025-10-04 17:44:08+00:00,0,0,en
NiftyNerve,"Still thinking? While you wait, 380+ traders are getting daily intraday updates absolutely FREE till Diwali Price action, options flow, risk-managed trades. Join now or wish later. http:// t.me/NiftyNerve #Nifty #Sensex #Nifty50 #StockMarket #NiftyAnalysis #PriceAction",2025-10-04 17:37:00+00:00,0,0,en
Abhishe79459720,Vishal mega mart demand zone 140 142 ek wave uppr ka baki hai 240 tak ka final 5th wave watch list me likhe #Vishalmegamart #Nifty50 #Nifty #StockMarketIndia #STOCK,2025-10-04 17:32:20+00:00,0,0,sw
TradePowerful,Position update on nifty Profit of rs 63k #nifty #nifty50 #banknifty #sensex #StockMarket,2025-10-04 17:31:12+00:00,0,0,en
TradePowerful,The top 5 countries by stock market capitalization in 2025 are: 1. United States - $40.3 trillion 2. China - $11.5 trillion 3. Japan - $5.4 trillion 4. Hong Kong - $4.6 trillion 5. India - $3.6 trillion India is like small cap index when you compare US market. #nifty #nifty50,2025-10-04 17:28:33+00:00,0,0,en
MycallsTrading,Best Suggestions of this week (26th Sep to 1st Oct'25) in the INDEX Segment (Part 4) #SENSEX 128 to 585 #NIFTY 150 to 197.4 #SENSEX 74 to 188 Follow us on Telegram @ http:// t.me/TojoinMycalls,2025-10-04 18:28:47+00:00,0,0,en
PurvishDiwanji,3.10.25 : ActiveInvestor’s market brief ⦾ US govt shut ⦾ RBI changes the mood for the bulls before Diwali ⦾ Gold and Silver in festive-mood already #sensex #stockstowatch #stockstobuy #donothing,2025-10-04 18:26:24+00:00,0,0,en
TradeInsightSvc,Join Here https:// telegram.im/InsightServices #nifty #sensex #banknifty,2025-10-04 17:53:51+00:00,0,0,en
TradeInsightSvc,Join Here https:// telegram.im/InsightServices #nifty #sensex #banknifty,2025-10-04 17:53:44+00:00,0,0,en
TradeInsightSvc,Join Here https:// telegram.im/InsightServices #nifty #sensex #banknifty,2025-10-04 17:53:36+00:00,0,0,en
thestocksmania,#Intraday Action in #Crypto Segments on 04 - 10 - 25 #BTCUSDT #Ethererum #Dogecoin #Toncoin #SMALLCAP #TradingTips #GOLD #SILVER #BITCOIN #TradingStrategy #StocksInFocus #StocksToTrade #DOWJONES #Stocksinnews #niftyOptions #bankniftyoptions #TradingTools,2025-10-04 16:17:41+00:00,0,0,en
ParasKGhelaanii,BAAJ NAJRE – Weekly Stock Future Calls (F&O Calls) and Weekly Delivery Based Short Term Stocks For week 06/10/25 TO 10/10/25 http:// letusgrowtogether111.blogspot.com/2025/10/baaj-n ajre-weekly-stock-future-calls-f.html ... #weekly #intraday #stockfuture #ShorttermTrading #shortterm #StockMarketIndia #StocksToBuy #StocksToWatch #StocksInFocus,2025-10-04 14:33:17+00:00,0,0,en
thestocksmania,#BTCUSD Bullish Momentum on 04-10-25 Risk Free Setups that outperforms during #INTRADAY Action DISCLAIMER - Posts Shared here is only for Observation & Educational purposes #KantaraChapter1 #DesafioDelSigloXXI #LoeweSS26 #Loewe #patlama #thomaskong #Flotilla #JENNIE #YoSoy,2025-10-04 14:25:04+00:00,0,0,en
thestocksmania,#SENSEX Expiry Bullish Momentum on 01-10-25 Risk Free Setups that outperforms during #INTRADAY Action DISCLAIMER - Posts Shared here is only for Observation & Educational purposes #KantaraChapter1 #patlama #Gaza #VoleiNoSporTV #Flotilla #winmetawin #TaylorSwift #paobc,2025-10-04 12:00:13+00:00,0,0,en
tradesecret2018,KIOCL for Monday. #stocks #intraday #Flotilla,2025-10-03 23:03:18+00:00,0,0,en
Purush61646164,TODAY'S TRADE RESULTS :- #HAL 4800CE 173 - 195 HIT ALMOST 1ST TGT #TATAMOTORS 720CE 27 - 22 HIT SL IN #INTRADAY #BANKNIFTY 490 - 535 HIT #EXIT UPDATE #SENSEX 80800CE 550 - 702 HIT ALL TGT #PAYTM 1180CE 36/38 - 39 HIT #BANKNIFTY 56200CE BTST,2025-10-03 17:34:23+00:00,0,0,en
SwainSecurities,03.10.2025 Stock Trading Profit // Daily Profit & Loss Report Updates #Trading #profit #intraday #stockmarket #passiveincome,2025-10-03 16:37:00+00:00,0,0,en
MycallsTrading,Best Suggestions of this week (26th Sep to 1st Oct'25) in the INDEX Segment (Part 2) #BANKNIFTY 210 to 389 #NIFTY 60 to 72.3 #NIFTY 75 to 0 #NIFTY 62 to 97.15 #NIFTY 25 to 30.2 #NIFTY 63 to 68.95 Follow us on Telegram @ http:// t.me/TojoinMycalls,2025-10-04 18:27:17+00:00,0,0,en
DipakAgrahari3,"NSE revises lot sizes for index derivatives effective Oct 28, 2025 (EOD) Nifty 50: 7565 | Bank Nifty: 3530 | Finnifty: 6560 | Midcap Nifty: 140120 Stay informed. Trade smart. #NSE #Nifty #BankNifty #Finnifty #StockMarket #Derivatives #Trading #FinanceIndia.",2025-10-04 18:00:58+00:00,0,0,en
TradeInsightSvc,Join Here https:// telegram.im/InsightServices #nifty #sensex #banknifty,2025-10-04 17:53:29+00:00,0,0,en
